pseudo,email,password,firstname,lastname,telephone,Site
Roberta,Jacquetta.Old@yopmail.com,azerty,Jacquetta,Old,0123457854,Rennes
Evaleen,Letizia.Pond@yopmail.com,azerty,Letizia,Pond,0123457845,Niort
Edith,Ilse.Rhu@yopmail.com,azerty,Ilse,Rhu,0123525654,Quimper
Keelia,Laure.Baudin@yopmail.com,azerty,Laure,Baudin,0121478569,Paris
Blinni,Roberta.Meli@yopmail.com,azerty,Roberta,Meli,0124147875,Niort
Consuela,Ginnie.Florina@yopmail.com,azerty,Ginnie,Florina,0158963215,Rennes
Minne,Lonnie.Chinua@yopmail.com,azerty,Lonnie,Chinua,0147859685,Nantes
Renie,Albertina.Vharat@yopmail.com,azerty,Albertina,Vharat,0123525658,Paris
Jessamyn,Mureil.Ledah@yopmail.com,azerty,Mureil,Ledah,0147852358,Niort
Nicoli,Robinia.Ezar@yopmail.com,azerty,Robinia,Ezar,0124578965,Quimper